id,county,state,concatenate,Estimate!!Total!!White alone,Estimate!!Total!!Black or African American alone,Estimate!!Total!!American Indian and Alaska Native alone,Estimate!!Total!!Asian alone,Estimate!!Total!!Native Hawaiian and Other Pacific Islander alone,Estimate!!Total!!Some other race alone
0500000US06085,Santa Clara,California,Santa ClaraCalifornia,859705,49486,8791,721307,6751,191580
0500000US06099,Stanislaus,California,StanislausCalifornia,434015,16865,5011,28148,4616,37100
0500000US06045,Mendocino,California,MendocinoCalifornia,73040,294,3434,2190,153,4829
0500000US06059,Orange,California,OrangeCalifornia,1922991,59872,13213,666421,10196,378653
0500000US06065,Riverside,California,RiversideCalifornia,1486443,160065,17330,163182,7783,512513
0500000US06067,Sacramento,California,SacramentoCalifornia,874105,152261,11548,248351,18375,120060
0500000US06083,Santa Barbara,California,Santa BarbaraCalifornia,349976,9371,6202,24922,500,35392
0500000US06031,Kings,California,KingsCalifornia,96634,10428,1502,6833,273,30198
0500000US06079,San Luis Obispo,California,San Luis ObispoCalifornia,248227,5123,1731,10265,235,6756
0500000US06039,Madera,California,MaderaCalifornia,91440,5417,1510,3619,132,49419
0500000US06111,Ventura,California,VenturaCalifornia,685974,14696,5106,64523,1632,39930
0500000US06107,Tulare,California,TulareCalifornia,332150,8947,4550,17675,711,84196
0500000US06019,Fresno,California,FresnoCalifornia,643787,45504,15894,103204,1252,139153
0500000US06087,Santa Cruz,California,Santa CruzCalifornia,201567,2874,954,13521,388,41896
0500000US06037,Los Angeles,California,Los AngelesCalifornia,5184112,811476,76089,1492554,28376,2076549
0500000US06061,Placer,California,PlacerCalifornia,322796,6738,2028,30817,667,11993
0500000US06033,Lake,California,LakeCalifornia,47341,1546,3040,622,15,9643
0500000US06075,San Francisco,California,San FranciscoCalifornia,400727,45886,2308,302795,2126,71923
0500000US06071,San Bernardino,California,San BernardinoCalifornia,1320579,178755,19292,157436,6908,383485
0500000US06115,Yuba,California,YubaCalifornia,60004,2132,1513,5721,1025,2385
0500000US06023,Humboldt,California,HumboldtCalifornia,106163,1553,6438,4610,33,7462
0500000US06001,Alameda,California,AlamedaCalifornia,643907,172152,10645,513491,14224,202397
0500000US06097,Sonoma,California,SonomaCalifornia,369293,8049,5039,21637,1176,69166
0500000US06113,Yolo,California,YoloCalifornia,158000,6684,925,31615,1102,6636
0500000US06057,Nevada,California,NevadaCalifornia,91285,534,345,1249,158,2207
0500000US06007,Butte,California,ButteCalifornia,186452,4019,2274,10017,360,12617
0500000US06017,El Dorado,California,El DoradoCalifornia,169150,1221,924,8834,525,2255
0500000US06025,Imperial,California,ImperialCalifornia,117180,4201,1035,2801,204,47971
0500000US06029,Kern,California,KernCalifornia,673595,50289,8106,44299,1656,84783
0500000US06041,Marin,California,MarinCalifornia,206330,6312,275,16431,466,16866
0500000US06101,Sutter,California,SutterCalifornia,66617,2001,888,13831,1399,5094
0500000US06073,San Diego,California,San DiegoCalifornia,2373583,171408,20446,401745,13943,187840
0500000US06047,Merced,California,MercedCalifornia,157100,9118,2300,20204,1094,74161
0500000US06089,Shasta,California,ShastaCalifornia,153562,2080,4384,5654,341,6307
0500000US06013,Contra Costa,California,Contra CostaCalifornia,622301,101253,7347,195848,5718,134475
0500000US06095,Solano,California,SolanoCalifornia,237882,59795,2524,70209,4869,39696
0500000US06077,San Joaquin,California,San JoaquinCalifornia,436288,54996,4560,120792,4351,47132
0500000US06053,Monterey,California,MontereyCalifornia,205303,11753,6540,25748,2232,167885
0500000US06055,Napa,California,NapaCalifornia,106436,2237,1011,12249,202,11435
0500000US06081,San Mateo,California,San MateoCalifornia,385286,16374,3089,226445,8787,80699
0500000US09009,New Haven,Connecticut,New HavenConnecticut,624693,120459,2541,35199,0,49092
0500000US09007,Middlesex,Connecticut,MiddlesexConnecticut,142250,10306,174,5421,46,1306
0500000US09001,Fairfield,Connecticut,FairfieldConnecticut,672515,108358,2417,52072,494,77390
0500000US09013,Tolland,Connecticut,TollandConnecticut,132634,4158,232,7604,0,2569
0500000US09011,New London,Connecticut,New LondonConnecticut,212183,17171,1346,11344,0,8074
0500000US09005,Litchfield,Connecticut,LitchfieldConnecticut,166880,3296,284,2813,0,2874
0500000US09015,Windham,Connecticut,WindhamConnecticut,103996,2502,402,1622,0,5335
0500000US09003,Hartford,Connecticut,HartfordConnecticut,632985,125302,2111,49780,477,48568
0500000US12099,Palm Beach,Florida,Palm BeachFlorida,1086487,273542,2419,42059,1017,41155
0500000US12053,Hernando,Florida,HernandoFlorida,168354,10761,662,2139,0,3619
0500000US12115,Sarasota,Florida,SarasotaFlorida,388007,19172,871,7605,238,2769
0500000US12119,Sumter,Florida,SumterFlorida,114673,10375,176,1403,0,1194
0500000US12017,Citrus,Florida,CitrusFlorida,136707,4284,430,2155,0,1167
0500000US12107,Putnam,Florida,PutnamFlorida,59256,11881,0,530,0,525
0500000US12101,Pasco,Florida,PascoFlorida,464256,30469,2309,13863,109,11525
0500000US12033,Escambia,Florida,EscambiaFlorida,214141,71301,1814,11379,421,2714
0500000US12113,Santa Rosa,Florida,Santa RosaFlorida,152137,10837,1194,3161,865,2511
0500000US12073,Leon,Florida,LeonFlorida,178125,91171,523,11278,148,3352
0500000US12103,Pinellas,Florida,PinellasFlorida,791389,99971,2598,32571,1235,14406
0500000US12083,Marion,Florida,MarionFlorida,294540,43923,1019,4898,173,6196
0500000US12035,Flagler,Florida,FlaglerFlorida,92191,11266,0,2828,0,3197
0500000US12061,Indian River,Florida,Indian RiverFlorida,135869,13492,717,1188,264,1313
0500000US12097,Osceola,Florida,OsceolaFlorida,261233,43509,1172,11147,16,34241
0500000US12023,Columbia,Florida,ColumbiaFlorida,53675,11899,364,354,0,825
0500000US12089,Nassau,Florida,NassauFlorida,78055,5011,430,805,0,35
0500000US12019,Clay,Florida,ClayFlorida,168786,24859,35,5712,0,6522
0500000US12015,Charlotte,Florida,CharlotteFlorida,167034,9781,224,2517,215,1482
0500000US12057,Hillsborough,Florida,HillsboroughFlorida,1003558,241095,3754,58301,388,66171
0500000US12085,Martin,Florida,MartinFlorida,137280,11043,316,2904,0,6184
0500000US12005,Bay,Florida,BayFlorida,146936,19301,877,3867,62,5229
0500000US12011,Broward,Florida,BrowardFlorida,1161467,562696,6018,72663,1816,79885
0500000US12055,Highlands,Florida,HighlandsFlorida,84051,10117,0,921,0,7747
0500000US12131,Walton,Florida,WaltonFlorida,62177,3176,553,633,0,1990
0500000US12009,Brevard,Florida,BrevardFlorida,491473,57559,1788,14941,611,6041
0500000US12081,Manatee,Florida,ManateeFlorida,337520,32646,717,9221,235,5571
0500000US12087,Monroe,Florida,MonroeFlorida,65534,5227,31,1027,260,1991
0500000US12021,Collier,Florida,CollierFlorida,334685,26009,810,5521,112,7259
0500000US12086,Miami-Dade,Florida,Miami-DadeFlorida,2054029,472958,5983,44830,361,135869
0500000US12001,Alachua,Florida,AlachuaFlorida,186822,52720,970,17015,284,2606
0500000US12071,Lee,Florida,LeeFlorida,632400,68105,614,12403,399,29748
0500000US12105,Polk,Florida,PolkFlorida,541001,107044,2670,13061,0,26628
0500000US12091,Okaloosa,Florida,OkaloosaFlorida,162777,20465,572,7062,401,6985
0500000US12117,Seminole,Florida,SeminoleFlorida,346992,57125,1127,22199,273,27014
0500000US12095,Orange,Florida,OrangeFlorida,881215,288018,4549,71893,1276,85680
0500000US12109,St. Johns,Florida,St. JohnsFlorida,224296,14093,819,7638,0,1717
0500000US12111,St. Lucie,Florida,St. LucieFlorida,232424,64874,0,6057,376,6968
0500000US12031,Duval,Florida,DuvalFlorida,566932,278340,3413,44256,409,21729
0500000US12069,Lake,Florida,LakeFlorida,293920,41098,1760,6928,155,3276
0500000US12127,Volusia,Florida,VolusiaFlorida,441141,60845,2441,10098,120,24373
0500000US13117,Forsyth,Georgia,ForsythGeorgia,183956,9944,52,34047,279,3321
0500000US13121,Fulton,Georgia,FultonGeorgia,467999,457063,2647,78713,478,19988
0500000US13073,Columbia,Georgia,ColumbiaGeorgia,112921,26416,0,7116,0,1987
0500000US13095,Dougherty,Georgia,DoughertyGeorgia,22804,63283,494,372,128,1757
0500000US13151,Henry,Georgia,HenryGeorgia,105190,104658,170,7868,0,3307
0500000US13089,DeKalb,Georgia,DeKalbGeorgia,265235,403014,6959,47716,2868,7938
0500000US13127,Glynn,Georgia,GlynnGeorgia,null,null,null,null,null,null
0500000US13051,Chatham,Georgia,ChathamGeorgia,151743,113883,634,7493,1688,3631
0500000US13113,Fayette,Georgia,FayetteGeorgia,74889,27242,315,5382,0,2912
0500000US13313,Whitfield,Georgia,WhitfieldGeorgia,null,null,null,null,null,null
0500000US13135,Gwinnett,Georgia,GwinnettGeorgia,431934,259173,6573,111728,45,89869
0500000US13247,Rockdale,Georgia,RockdaleGeorgia,33589,52466,41,1667,0,1273
0500000US13045,Carroll,Georgia,CarrollGeorgia,86164,22574,1960,312,0,3753
0500000US13139,Hall,Georgia,HallGeorgia,174232,13415,576,3392,0,5217
0500000US13021,Bibb,Georgia,BibbGeorgia,61370,81723,188,3249,144,1858
0500000US13031,Bulloch,Georgia,BullochGeorgia,49991,20136,0,1108,1161,352
0500000US13115,Floyd,Georgia,FloydGeorgia,78436,13648,299,1807,0,1338
0500000US13217,Newton,Georgia,NewtonGeorgia,53664,50221,0,1478,0,1788
0500000US13015,Bartow,Georgia,BartowGeorgia,89990,11734,198,1341,0,1114
0500000US13013,Barrow,Georgia,BarrowGeorgia,63590,9937,218,3172,60,2402
0500000US13157,Jackson,Georgia,JacksonGeorgia,61209,4893,19,1062,21,1415
0500000US13245,Richmond,Georgia,RichmondGeorgia,73586,113773,595,4377,118,2687
0500000US13285,Troup,Georgia,TroupGeorgia,40980,26220,0,1622,0,817
0500000US13063,Clayton,Georgia,ClaytonGeorgia,44414,202746,308,14865,368,17176
0500000US13223,Paulding,Georgia,PauldingGeorgia,null,null,null,null,null,null
0500000US13059,Clarke,Georgia,ClarkeGeorgia,80444,35535,311,4947,166,2254
0500000US13097,Douglas,Georgia,DouglasGeorgia,65772,69703,0,2431,0,2811
0500000US13047,Catoosa,Georgia,CatoosaGeorgia,61292,2750,887,905,0,0
0500000US13297,Walton,Georgia,WaltonGeorgia,71248,17381,53,1276,0,2038
0500000US13067,Cobb,Georgia,CobbGeorgia,437149,208527,1875,43013,1444,40060
0500000US13057,Cherokee,Georgia,CherokeeGeorgia,217980,16274,826,4850,618,6407
0500000US13215,Muscogee,Georgia,MuscogeeGeorgia,83257,91077,107,4211,224,3745
0500000US13185,Lowndes,Georgia,LowndesGeorgia,65868,42377,292,1882,0,2526
0500000US13255,Spalding,Georgia,SpaldingGeorgia,40759,22394,213,719,0,690
0500000US13295,Walker,Georgia,WalkerGeorgia,null,null,null,null,null,null
0500000US13153,Houston,Georgia,HoustonGeorgia,91416,51094,640,5559,70,2932
0500000US13077,Coweta,Georgia,CowetaGeorgia,111427,25081,1428,3242,0,1563
0500000US23019,Penobscot,Maine,PenobscotMaine,143056,1690,2037,1688,0,255
0500000US23005,Cumberland,Maine,CumberlandMaine,268658,9041,377,6951,109,1320
0500000US23001,Androscoggin,Maine,AndroscogginMaine,98471,3184,66,757,0,93
0500000US23031,York,Maine,YorkMaine,196797,1954,1121,2565,0,556
0500000US23003,Aroostook,Maine,AroostookMaine,63699,279,1397,219,10,0
0500000US23011,Kennebec,Maine,KennebecMaine,116802,491,158,1389,335,180
0500000US24025,Harford,Maryland,HarfordMaryland,198408,35479,490,6519,180,3419
0500000US24015,Cecil,Maryland,CecilMaryland,90629,7325,33,1403,0,556
0500000US24037,St. Mary's,Maryland,St. Mary'sMaryland,86881,17155,89,2693,0,1804
0500000US24009,Calvert,Maryland,CalvertMaryland,74058,11823,0,2346,0,1062
0500000US24031,Montgomery,Maryland,MontgomeryMaryland,542829,196316,2818,152890,391,103255
0500000US24043,Washington,Maryland,WashingtonMaryland,124032,16959,184,2931,843,921
0500000US24001,Allegany,Maryland,AlleganyMaryland,62148,6469,107,308,7,312
0500000US24027,Howard,Maryland,HowardMaryland,181707,64624,657,59189,130,4615
0500000US24003,Anne Arundel,Maryland,Anne ArundelMaryland,410193,96455,952,22370,79,18814
0500000US24013,Carroll,Maryland,CarrollMaryland,153478,5767,186,3359,27,1415
0500000US24045,Wicomico,Maryland,WicomicoMaryland,67846,27727,195,3277,0,1302
0500000US24017,Charles,Maryland,CharlesMaryland,68969,77394,1079,5200,0,1162
0500000US24005,Baltimore,Maryland,BaltimoreMaryland,490687,240297,1833,50320,4785,12999
0500000US24510,Baltimore city,Maryland,Baltimore cityMaryland,183276,371664,1600,15490,61,13343
0500000US24021,Frederick,Maryland,FrederickMaryland,207110,26200,304,10441,260,2655
0500000US24033,Prince George's,Maryland,Prince George'sMaryland,142297,566790,2331,37029,187,131686
0500000US25003,Berkshire,Massachusetts,BerkshireMassachusetts,113854,3940,374,2133,189,2232
0500000US25017,Middlesex,Massachusetts,MiddlesexMassachusetts,1226390,87875,4164,198986,1448,42028
0500000US25015,Hampshire,Massachusetts,HampshireMassachusetts,140335,4378,417,9251,57,1559
0500000US25001,Barnstable,Massachusetts,BarnstableMassachusetts,195181,8036,1538,3229,95,2363
0500000US25011,Franklin,Massachusetts,FranklinMassachusetts,65352,1107,276,1143,0,1639
0500000US25013,Hampden,Massachusetts,HampdenMassachusetts,382653,44607,1082,11656,0,18041
0500000US25009,Essex,Massachusetts,EssexMassachusetts,612629,35405,1188,28928,0,90522
0500000US25021,Norfolk,Massachusetts,NorfolkMassachusetts,539996,53112,1209,83337,75,11827
0500000US25027,Worcester,Massachusetts,WorcesterMassachusetts,689588,44256,1371,41100,561,25388
0500000US25005,Bristol,Massachusetts,BristolMassachusetts,473728,25062,753,13053,127,35227
0500000US25023,Plymouth,Massachusetts,PlymouthMassachusetts,428704,51695,1136,7949,58,15087
0500000US25025,Suffolk,Massachusetts,SuffolkMassachusetts,443247,175761,2498,71303,165,57053
0500000US34007,Camden,New Jersey,CamdenNew Jersey,311840,102304,609,30542,63,45598
0500000US34005,Burlington,New Jersey,BurlingtonNew Jersey,317611,76289,347,20861,603,12067
0500000US34017,Hudson,New Jersey,HudsonNew Jersey,359699,82145,3008,108472,0,96067
0500000US34035,Somerset,New Jersey,SomersetNew Jersey,220871,32082,500,61353,0,6981
0500000US34025,Monmouth,New Jersey,MonmouthNew Jersey,519365,46143,495,34085,92,8781
0500000US34013,Essex,New Jersey,EssexNew Jersey,327776,318855,1076,44447,301,88300
0500000US34019,Hunterdon,New Jersey,HunterdonNew Jersey,112770,3680,0,5446,126,393
0500000US34009,Cape May,New Jersey,Cape MayNew Jersey,82013,3564,16,1088,0,2692
0500000US34001,Atlantic,New Jersey,AtlanticNew Jersey,173409,37050,557,21421,255,22107
0500000US34023,Middlesex,New Jersey,MiddlesexNew Jersey,468466,84157,2911,202159,616,44799
0500000US34037,Sussex,New Jersey,SussexNew Jersey,131040,3364,88,3090,66,999
0500000US34033,Salem,New Jersey,SalemNew Jersey,49612,9394,346,450,0,1832
0500000US34021,Mercer,New Jersey,MercerNew Jersey,226971,75902,630,41990,111,16414
0500000US34031,Passaic,New Jersey,PassaicNew Jersey,314282,56572,754,27104,301,92278
0500000US34015,Gloucester,New Jersey,GloucesterNew Jersey,238703,29877,508,9763,0,4510
0500000US34029,Ocean,New Jersey,OceanNew Jersey,545981,19746,827,11806,0,13320
0500000US34011,Cumberland,New Jersey,CumberlandNew Jersey,98342,29550,793,2659,0,14501
0500000US34039,Union,New Jersey,UnionNew Jersey,296375,119389,3687,31093,0,93810
0500000US34027,Morris,New Jersey,MorrisNew Jersey,403898,17669,833,51943,140,7460
0500000US34003,Bergen,New Jersey,BergenNew Jersey,665583,55416,2941,155916,235,28553
0500000US34041,Warren,New Jersey,WarrenNew Jersey,91932,4847,205,2525,0,2872
0500000US36059,Nassau,New York,NassauNew York,918655,162245,6223,135709,1093,97518
0500000US36071,Orange,New York,OrangeNew York,279314,43050,797,10935,403,31422
0500000US36087,Rockland,New York,RocklandNew York,233051,38958,377,19660,0,23189
0500000US36069,Ontario,New York,OntarioNew York,101177,2638,230,1317,0,2118
0500000US36015,Chemung,New York,ChemungNew York,74324,4999,15,1174,0,501
0500000US36045,Jefferson,New York,JeffersonNew York,95447,6760,250,1516,217,2144
0500000US36029,Erie,New York,ErieNew York,711887,121796,4117,34361,22,22467
0500000US36111,Ulster,New York,UlsterNew York,149143,10718,503,3026,0,5113
0500000US36119,Westchester,New York,WestchesterNew York,610737,143734,2677,58946,223,121999
0500000US36113,Warren,New York,WarrenNew York,null,null,null,null,null,null
0500000US36063,Niagara,New York,NiagaraNew York,183349,15579,1496,2791,0,1587
0500000US36079,Putnam,New York,PutnamNew York,83229,3496,164,1949,0,8379
0500000US36051,Livingston,New York,LivingstonNew York,58876,2109,180,515,0,314
0500000US36103,Suffolk,New York,SuffolkNew York,1206349,116010,5501,59485,232,57155
0500000US36011,Cayuga,New York,CayugaNew York,71045,3506,132,580,0,529
0500000US36047,Kings,New York,KingsNew York,1125773,827041,7200,300232,1370,226874
0500000US36067,Onondaga,New York,OnondagaNew York,367730,55880,3251,15963,74,3690
0500000US36001,Albany,New York,AlbanyNew York,228964,39649,282,21496,834,2771
0500000US36053,Madison,New York,MadisonNew York,66512,1211,62,1485,0,659
0500000US36081,Queens,New York,QueensNew York,848180,419389,10219,588677,822,325379
0500000US36117,Wayne,New York,WayneNew York,84119,2042,7,640,0,886
0500000US36005,Bronx,New York,BronxNew York,321890,509310,8717,54467,1945,473965
0500000US36089,St. Lawrence,New York,St. LawrenceNew York,99965,3066,841,1028,262,1470
0500000US36085,Richmond,New York,RichmondNew York,347986,47098,451,48714,197,19649
0500000US36093,Schenectady,New York,SchenectadyNew York,118937,15413,1502,7111,220,4065
0500000US36009,Cattaraugus,New York,CattaraugusNew York,70431,1018,2539,481,0,589
0500000US36055,Monroe,New York,MonroeNew York,560874,112272,3122,28479,171,15041
0500000US36105,Sullivan,New York,SullivanNew York,61078,6663,312,1321,0,3860
0500000US36007,Broome,New York,BroomeNew York,163081,10809,591,9341,99,3346
0500000US36027,Dutchess,New York,DutchessNew York,229184,32319,1017,9867,23,10400
0500000US36101,Steuben,New York,SteubenNew York,90696,1347,37,1564,0,507
0500000US36083,Rensselaer,New York,RensselaerNew York,136797,10611,192,4342,0,1114
0500000US36013,Chautauqua,New York,ChautauquaNew York,116291,3434,394,716,157,4427
0500000US36019,Clinton,New York,ClintonNew York,73115,3605,54,962,0,2439
0500000US36061,New York,New York,New YorkNew York,904573,236356,12359,200213,916,193696
0500000US36091,Saratoga,New York,SaratogaNew York,212657,4948,554,6005,0,1697
0500000US36109,Tompkins,New York,TompkinsNew York,81512,4703,196,10518,0,2601
0500000US36065,Oneida,New York,OneidaNew York,195773,15517,580,9806,0,2982
0500000US36075,Oswego,New York,OswegoNew York,112120,1609,158,971,31,667
0500000US39113,Montgomery,Ohio,MontgomeryOhio,386743,108345,1576,12140,414,4009
0500000US39023,Clark,Ohio,ClarkOhio,117175,11167,126,726,0,405
0500000US39085,Lake,Ohio,LakeOhio,208276,10504,133,2941,147,3229
0500000US39153,Summit,Ohio,SummitOhio,422487,77677,1337,20151,0,4417
0500000US39155,Trumbull,Ohio,TrumbullOhio,176212,16382,132,1564,0,201
0500000US39169,Wayne,Ohio,WayneOhio,110011,3167,91,241,0,819
0500000US39093,Lorain,Ohio,LorainOhio,265593,25734,1071,3396,75,3331
0500000US39055,Geauga,Ohio,GeaugaOhio,91037,1211,188,674,0,238
0500000US39081,Jefferson,Ohio,JeffersonOhio,60032,3163,44,1119,0,390
0500000US39061,Hamilton,Ohio,HamiltonOhio,547335,208138,909,24334,1279,7520
0500000US39095,Lucas,Ohio,LucasOhio,306634,80289,1367,6707,457,9941
0500000US39133,Portage,Ohio,PortageOhio,148176,7006,0,3330,45,246
0500000US39063,Hancock,Ohio,HancockOhio,69877,1198,0,1384,0,1275
0500000US39151,Stark,Ohio,StarkOhio,323782,27636,630,3951,0,4341
0500000US39109,Miami,Ohio,MiamiOhio,99547,1402,341,1846,0,38
0500000US39145,Scioto,Ohio,SciotoOhio,null,null,null,null,null,null
0500000US39029,Columbiana,Ohio,ColumbianaOhio,null,null,null,null,null,null
0500000US39119,Muskingum,Ohio,MuskingumOhio,78837,3667,157,222,0,89
0500000US39035,Cuyahoga,Ohio,CuyahogaOhio,778016,363507,3432,38700,605,15384
0500000US39165,Warren,Ohio,WarrenOhio,204965,8559,443,13920,0,361
0500000US39141,Ross,Ohio,RossOhio,69435,4446,0,512,47,234
0500000US39057,Greene,Ohio,GreeneOhio,143377,13007,154,4888,0,690
0500000US39139,Richland,Ohio,RichlandOhio,105522,10266,290,1033,60,343
0500000US39049,Franklin,Ohio,FranklinOhio,857827,298151,3351,72084,68,24186
0500000US39157,Tuscarawas,Ohio,TuscarawasOhio,null,null,null,null,null,null
0500000US39017,Butler,Ohio,ButlerOhio,318592,31642,781,13085,0,6419
0500000US39101,Marion,Ohio,MarionOhio,58259,3627,239,459,74,358
0500000US39173,Wood,Ohio,WoodOhio,119500,3594,293,2210,45,1506
0500000US39007,Ashtabula,Ohio,AshtabulaOhio,null,null,null,null,null,null
0500000US39013,Belmont,Ohio,BelmontOhio,62729,1916,107,571,0,177
0500000US39009,Athens,Ohio,AthensOhio,59700,1864,231,1699,86,111
0500000US39099,Mahoning,Ohio,MahoningOhio,181135,32943,604,2206,37,3033
0500000US39045,Fairfield,Ohio,FairfieldOhio,135804,10941,0,1983,0,275
0500000US39089,Licking,Ohio,LickingOhio,159316,7207,313,3682,76,1069
0500000US39025,Clermont,Ohio,ClermontOhio,194656,2624,55,2237,0,737
0500000US39041,Delaware,Ohio,DelawareOhio,176818,6806,319,12823,0,1152
0500000US39103,Medina,Ohio,MedinaOhio,170228,2575,104,1885,0,784
0500000US39003,Allen,Ohio,AllenOhio,84580,11915,359,850,0,1145
0500000US39043,Erie,Ohio,ErieOhio,63801,7328,723,46,25,833
0500000US42091,Montgomery,Pennsylvania,MontgomeryPennsylvania,650976,75819,627,65612,299,12816
0500000US42051,Fayette,Pennsylvania,FayettePennsylvania,120140,5484,182,611,0,642
0500000US42001,Adams,Pennsylvania,AdamsPennsylvania,96606,1281,359,770,0,1753
0500000US42041,Cumberland,Pennsylvania,CumberlandPennsylvania,218641,9372,386,11174,114,3049
0500000US42021,Cambria,Pennsylvania,CambriaPennsylvania,123050,4361,130,444,137,618
0500000US42049,Erie,Pennsylvania,EriePennsylvania,234857,20597,946,4909,63,3421
0500000US42133,York,Pennsylvania,YorkPennsylvania,393886,24439,979,7293,271,7646
0500000US42005,Armstrong,Pennsylvania,ArmstrongPennsylvania,null,null,null,null,null,null
0500000US42045,Delaware,Pennsylvania,DelawarePennsylvania,387267,125853,1655,31189,0,3743
0500000US42095,Northampton,Pennsylvania,NorthamptonPennsylvania,258795,17588,730,8998,932,7789
0500000US42029,Chester,Pennsylvania,ChesterPennsylvania,441393,31220,262,29646,0,7314
0500000US42101,Philadelphia,Pennsylvania,PhiladelphiaPennsylvania,623482,657756,4326,116907,582,122538
0500000US42007,Beaver,Pennsylvania,BeaverPennsylvania,148316,8680,413,1034,25,848
0500000US42037,Columbia,Pennsylvania,ColumbiaPennsylvania,61574,1265,56,782,137,1163
0500000US42071,Lancaster,Pennsylvania,LancasterPennsylvania,476288,24117,1484,12368,222,16636
0500000US42129,Westmoreland,Pennsylvania,WestmorelandPennsylvania,331653,9092,198,3558,148,1040
0500000US42027,Centre,Pennsylvania,CentrePennsylvania,142490,6076,63,11373,0,911
0500000US42055,Franklin,Pennsylvania,FranklinPennsylvania,143190,4897,66,671,0,596
0500000US42097,Northumberland,Pennsylvania,NorthumberlandPennsylvania,85247,2570,0,321,0,1246
0500000US42081,Lycoming,Pennsylvania,LycomingPennsylvania,104565,4872,292,858,100,499
0500000US42073,Lawrence,Pennsylvania,LawrencePennsylvania,80253,3724,145,368,0,3
0500000US42003,Allegheny,Pennsylvania,AlleghenyPennsylvania,971262,157323,1466,48655,157,5991
0500000US42017,Bucks,Pennsylvania,BucksPennsylvania,546729,24896,340,31672,638,9253
0500000US42085,Mercer,Pennsylvania,MercerPennsylvania,100638,6307,189,943,0,442
0500000US42111,Somerset,Pennsylvania,SomersetPennsylvania,70202,1944,39,200,0,362
0500000US42077,Lehigh,Pennsylvania,LehighPennsylvania,289058,26790,1387,13064,30,22793
0500000US42107,Schuylkill,Pennsylvania,SchuylkillPennsylvania,132576,5390,373,714,0,1258
0500000US42125,Washington,Pennsylvania,WashingtonPennsylvania,194060,7066,0,2308,49,180
0500000US42063,Indiana,Pennsylvania,IndianaPennsylvania,80084,1433,41,847,37,247
0500000US42033,Clearfield,Pennsylvania,ClearfieldPennsylvania,74891,1896,263,362,0,238
0500000US42025,Carbon,Pennsylvania,CarbonPennsylvania,null,null,null,null,null,null
0500000US42069,Lackawanna,Pennsylvania,LackawannaPennsylvania,190838,4518,64,6020,42,2572
0500000US42011,Berks,Pennsylvania,BerksPennsylvania,349164,21274,384,6085,0,30031
0500000US42043,Dauphin,Pennsylvania,DauphinPennsylvania,192416,57569,656,12593,239,5404
0500000US42089,Monroe,Pennsylvania,MonroePennsylvania,128299,26984,73,4333,60,4592
0500000US42013,Blair,Pennsylvania,BlairPennsylvania,null,null,null,null,null,null
0500000US42039,Crawford,Pennsylvania,CrawfordPennsylvania,81136,870,69,344,0,189
0500000US42019,Butler,Pennsylvania,ButlerPennsylvania,179306,2167,0,3032,0,601
0500000US42079,Luzerne,Pennsylvania,LuzernePennsylvania,277736,15225,585,4248,360,12564
0500000US42075,Lebanon,Pennsylvania,LebanonPennsylvania,121786,4366,47,2126,0,10985
0500000US48187,Guadalupe,Texas,GuadalupeTexas,130959,15258,440,2842,9,9571
0500000US48183,Gregg,Texas,GreggTexas,93250,25568,275,1525,363,549
0500000US48347,Nacogdoches,Texas,NacogdochesTexas,49757,11019,498,1019,71,1670
0500000US48439,Tarrant,Texas,TarrantTexas,1364270,346559,15792,116257,3301,166276
0500000US48041,Brazos,Texas,BrazosTexas,178038,24515,248,14767,0,3564
0500000US48209,Hays,Texas,HaysTexas,196770,8461,688,3552,0,5723
0500000US48251,Johnson,Texas,JohnsonTexas,154440,6372,436,2039,0,4255
0500000US48037,Bowie,Texas,BowieTexas,64329,23985,1090,1323,0,2034
0500000US48139,Ellis,Texas,EllisTexas,146090,19602,2394,1198,46,3322
0500000US48291,Liberty,Texas,LibertyTexas,66810,9386,533,164,23,8752
0500000US48479,Webb,Texas,WebbTexas,265995,1606,116,1591,0,5124
0500000US48091,Comal,Texas,ComalTexas,137396,2897,407,939,0,2159
0500000US48361,Orange,Texas,OrangeTexas,72848,7777,140,1102,0,502
0500000US48497,Wise,Texas,WiseTexas,62215,1686,325,31,65,2743
0500000US48245,Jefferson,Texas,JeffersonTexas,148260,84690,799,10081,0,5858
0500000US48257,Kaufman,Texas,KaufmanTexas,105024,15867,382,1800,198,1581
0500000US48491,Williamson,Texas,WilliamsonTexas,448811,37637,1030,39003,642,13828
0500000US48181,Grayson,Texas,GraysonTexas,114158,7629,1168,2366,0,2667
0500000US48309,McLennan,Texas,McLennanTexas,202647,37263,797,4501,28,4181
0500000US48397,Rockwall,Texas,RockwallTexas,84966,6688,455,2115,0,3092
0500000US48409,San Patricio,Texas,San PatricioTexas,61983,1093,0,521,223,1865
0500000US48141,El Paso,Texas,El PasoTexas,656680,25580,3447,10895,1246,117083
0500000US48201,Harris,Texas,HarrisTexas,2868885,901166,21230,331452,3511,461642
0500000US48085,Collin,Texas,CollinTexas,681648,101248,4647,160058,154,26583
0500000US48231,Hunt,Texas,HuntTexas,77998,8376,1622,1556,0,6300
0500000US48029,Bexar,Texas,BexarTexas,1603079,153706,13710,61139,1017,88755
0500000US48203,Harrison,Texas,HarrisonTexas,null,null,null,null,null,null
0500000US48303,Lubbock,Texas,LubbockTexas,249837,21991,2704,7174,531,15423
0500000US48381,Randall,Texas,RandallTexas,123349,4097,612,2382,578,1852
0500000US48039,Brazoria,Texas,BrazoriaTexas,257444,54959,1721,26291,211,22220
0500000US48157,Fort Bend,Texas,Fort BendTexas,409247,163689,1341,164125,43,29117
0500000US48451,Tom Green,Texas,Tom GreenTexas,105457,4564,534,1917,7,3623
0500000US48339,Montgomery,Texas,MontgomeryTexas,508494,30101,2222,18352,229,15662
0500000US48441,Taylor,Texas,TaylorTexas,103087,11063,610,3726,27,15178
0500000US48471,Walker,Texas,WalkerTexas,null,null,null,null,null,null
0500000US48121,Denton,Texas,DentonTexas,631974,87572,4402,79674,986,21269
0500000US48453,Travis,Texas,TravisTexas,890260,104157,11372,87182,422,109479
0500000US48113,Dallas,Texas,DallasTexas,1597748,601408,12699,168061,919,196482
0500000US48213,Henderson,Texas,HendersonTexas,74444,5237,13,440,0,348
0500000US48099,Coryell,Texas,CoryellTexas,53881,11903,318,1560,96,795
0500000US48215,Hidalgo,Texas,HidalgoTexas,751719,4285,1514,8735,0,88329
0500000US48329,Midland,Texas,MidlandTexas,142376,13430,3069,3415,182,5239
0500000US48027,Bell,Texas,BellTexas,222838,93615,2333,9396,1549,7375
0500000US48061,Cameron,Texas,CameronTexas,402981,2917,535,3630,166,11441
0500000US48005,Angelina,Texas,AngelinaTexas,69167,12912,1493,1049,0,1735
0500000US48485,Wichita,Texas,WichitaTexas,103422,14383,1287,3261,0,5592
0500000US48135,Ector,Texas,EctorTexas,125268,8257,925,2276,109,21130
0500000US48423,Smith,Texas,SmithTexas,176394,39113,1010,4321,227,3640
0500000US48469,Victoria,Texas,VictoriaTexas,80205,5534,167,1285,24,1694
0500000US48021,Bastrop,Texas,BastropTexas,55858,7028,118,772,0,21470
0500000US48355,Nueces,Texas,NuecesTexas,327726,13856,1243,7916,359,6950
0500000US48375,Potter,Texas,PotterTexas,92101,12544,1412,7117,175,3515
0500000US48167,Galveston,Texas,GalvestonTexas,265058,42102,906,10986,1037,6364
0500000US48367,Parker,Texas,ParkerTexas,129550,2231,1662,1063,227,518
0500000US51069,Frederick,Virginia,FrederickVirginia,79864,4033,0,1653,165,678
0500000US51059,Fairfax,Virginia,FairfaxVirginia,703152,111976,2220,221662,1169,49575
0500000US51510,Alexandria city,Virginia,Alexandria cityVirginia,100922,36569,0,9090,82,5175
0500000US51680,Lynchburg city,Virginia,Lynchburg cityVirginia,52897,23311,277,1889,0,1512
0500000US51095,James City,Virginia,James CityVirginia,60918,11236,0,1669,63,334
0500000US51650,Hampton city,Virginia,Hampton cityVirginia,55091,67768,317,2668,237,1958
0500000US51800,Suffolk city,Virginia,Suffolk cityVirginia,46485,37311,174,1952,0,1196
0500000US51041,Chesterfield,Virginia,ChesterfieldVirginia,233945,82884,1369,11713,0,7842
0500000US51019,Bedford,Virginia,BedfordVirginia,null,null,null,null,null,null
0500000US51087,Henrico,Virginia,HenricoVirginia,184523,94961,701,28428,0,6703
0500000US51085,Hanover,Virginia,HanoverVirginia,92553,9340,388,2344,199,442
0500000US51179,Stafford,Virginia,StaffordVirginia,97976,26907,245,5958,0,10807
0500000US51003,Albemarle,Virginia,AlbemarleVirginia,89521,10359,515,5990,0,120
0500000US51161,Roanoke,Virginia,RoanokeVirginia,81789,4465,62,2307,116,0
0500000US51760,Richmond city,Virginia,Richmond cityVirginia,108092,106543,236,5502,0,1806
0500000US51013,Arlington,Virginia,ArlingtonVirginia,165900,21345,1341,23125,717,13270
0500000US51199,York,Virginia,YorkVirginia,50229,9384,74,3184,0,748
0500000US51121,Montgomery,Virginia,MontgomeryVirginia,84925,4448,365,7318,70,723
0500000US51165,Rockingham,Virginia,RockinghamVirginia,77185,2100,0,413,0,486
0500000US51700,Newport News city,Virginia,Newport News cityVirginia,85037,75446,126,6400,381,3846
0500000US51710,Norfolk city,Virginia,Norfolk cityVirginia,113964,98688,614,9250,211,8344
0500000US51810,Virginia Beach city,Virginia,Virginia Beach cityVirginia,296395,86768,1861,32129,143,10599
0500000US51061,Fauquier,Virginia,FauquierVirginia,60157,4621,380,1236,53,599
0500000US51015,Augusta,Virginia,AugustaVirginia,null,null,null,null,null,null
0500000US51550,Chesapeake city,Virginia,Chesapeake cityVirginia,146670,72849,212,9053,128,4698
0500000US51770,Roanoke city,Virginia,Roanoke cityVirginia,61938,29378,162,3048,0,906
0500000US51107,Loudoun,Virginia,LoudounVirginia,257087,28674,1118,77374,301,17686
0500000US51740,Portsmouth city,Virginia,Portsmouth cityVirginia,37625,47317,1554,1429,0,2036
0500000US51153,Prince William,Virginia,Prince WilliamVirginia,273188,97459,1695,38547,178,27440
0500000US51177,Spotsylvania,Virginia,SpotsylvaniaVirginia,96410,23160,279,3113,67,4582
